{
  "majorVersion": 3,
  "minorVersion": 3,
  "patchVersion": 3,
  "isDefaultConfig": false,
  "displayMode": "format",
  "doIntermediateUpdates": true,
  "timeDependencyDecimalPrecision": 1,
  "timeDependencyDecimalOffset": 2,
  "judgments": [
    {
      "threshold": 115,
      "text": "<size=160%>%c</size>%n%T%t</color>%n+++++%n%B %A",
      "color": [
        1.0,
        1.0,
        1.0,
        1.0
      ],
      "fade": false
    },
    {
      "threshold": 114,
      "text": "<size=160%>%c</size>%n%T%t</color>%n%C%n%B %A",
      "color": [
        1.0,
        1.0,
        1.0,
        1.0
      ],
      "fade": false
    },
    {
      "threshold": 112,
      "text": "<size=160%>%c</size>%n%T%t</color>%n%C%n%B %A",
      "color": [
        1.0,
        0.0,
        1.0,
        1.0
      ],
      "fade": false
    },
    {
      "threshold": 110,
      "text": "<size=150%>%c</size>%n%T%t</color>%n%C%n%B %A",
      "color": [
        0.0,
        1.0,
        1.0,
        1.0
      ],
      "fade": false
    },
    {
      "threshold": 108,
      "text": "<size=150%>%c</size>%n%T%t</color>%n%C%n%B %A",
      "color": [
        0.0,
        1.0,
        0.0,
        1.0
      ],
      "fade": false
    },
    {
      "threshold": 106,
      "text": "<size=150%>%c</size>%n%T%t</color>%n%C%n%B %A",
      "color": [
        1.0,
        1.0,
        0.0,
        1.0
      ],
      "fade": false
    },
    {
      "threshold": 104,
      "text": "<size=140%>%c</size>%n%T%t</color>%n%C%n%B %A",
      "color": [
        1.0,
        0.5,
        0.0,
        1.0
      ],
      "fade": false
    },
    {
      "threshold": 0,
      "text": "<size=170%>%c</size>%n%T%t</color>%n%C%n%B %A",
      "color": [
        1.0,
        0.0,
        0.0,
        1.0
      ],
      "fade": false
    }
  ],
  "beforeCutAngleJudgments": [
    {
      "threshold": 70,
      "text": ""
    },
    {
      "threshold": 1,
      "text": "________________"
    },
    {
      "threshold": 0,
      "text": "WTF ELECTROWO"
    }
  ],
  "accuracyJudgments": [
    {
      "threshold": 1,
      "text": ""
    },
    {
      "threshold": 0,
      "text": "Pizza'ing?"
    }
  ],
  "afterCutAngleJudgments": [
    {
      "threshold": 30,
      "text": ""
    },
    {
      "threshold": 0,
      "text": "-------"
    }
  ],
  "timeDependencyJudgments": [
    {
      "threshold": 0.9,
      "text": "<color=#FF0000>"
    },
    {
      "threshold": 0.3,
      "text": "<color=#FF7F00>"
    },
    {
      "threshold": 0.2,
      "text": "<color=#00FF00>"
    },
    {
      "threshold": 0.1,
      "text": "<color=#00FFFF>"
    },
    {
      "threshold": 0.05,
      "text": "<color=#FF00FF>"
    },
    {
      "threshold": 0,
      "text": "<color=#FFFFFF>"
    }
  ]
}