{
  "majorVersion": 3,
  "minorVersion": 3,
  "patchVersion": 3,
  "isDefaultConfig": false,
  "displayMode": "format",
  "doIntermediateUpdates": true,
  "timeDependencyDecimalPrecision": 0,
  "timeDependencyDecimalOffset": 2,
  "judgments": [
    {
      "threshold": 115,
      "text": "<size=160%>%c</size>%n%T%t</color>%n+++++%n%B %A",
      "color": [
        1.0,
        1.0,
        1.0,
        1.0
      ],
      "fade": false
    },
    {
      "threshold": 114,
      "text": "<size=160%>%c</size>%n%T%t</color>%n%C%n%B %A",
      "color": [
        1.0,
        1.0,
        1.0,
        1.0
      ],
      "fade": false
    },
    {
      "threshold": 110,
      "text": "<size=160%>%c</size>%n%T%t</color>%n%C%n%B %A",
      "color": [
        1.0,
        0.0,
        1.0,
        1.0
      ],
      "fade": false
    },
    {
      "threshold": 108,
      "text": "<size=150%>%c</size>%n%T%t</color>%n%C%n%B %A",
      "color": [
        0.0,
        1.0,
        1.0,
        1.0
      ],
      "fade": false
    },
    {
      "threshold": 105,
      "text": "<size=150%>%c</size>%n%T%t</color>%n%C%n%B %A",
      "color": [
        0.0,
        1.0,
        0.0,
        1.0
      ],
      "fade": false
    },
    {
      "threshold": 102,
      "text": "<size=150%>%c</size>%n%T%t</color>%n%C%n%B %A",
      "color": [
        1.0,
        1.0,
        0.0,
        1.0
      ],
      "fade": false
    },
    {
      "threshold": 100,
      "text": "<size=140%>%c</size>%n%T%t</color>%n%C%n%B %A",
      "color": [
        1.0,
        0.5,
        0.0,
        1.0
      ],
      "fade": false
    },
    {
      "threshold": 0,
      "text": "<size=170%>%c</size>%n%T%t</color>%n%C%n%B %A",
      "color": [
        1.0,
        0.0,
        0.0,
        1.0
      ],
      "fade": false
    }
  ],
  "beforeCutAngleJudgments": [
    {
      "threshold": 70,
      "text": ""
    },
    {
      "threshold": 0,
      "text": "________________"
    }
  ],
  "accuracyJudgments": [],
  "afterCutAngleJudgments": [
    {
      "threshold": 30,
      "text": ""
    },
    {
      "threshold": 0,
      "text": "-------"
    }
  ],
  "timeDependencyJudgments": [
    {
      "threshold": 1.0,
      "text": "<#FF0000>"
    },
    {
      "threshold": 0.4,
      "text": "<#FF8000>"
    },
    {
      "threshold": 0.3,
      "text": "<#00FF00>"
    },
    {
      "threshold": 0.2,
      "text": "<#00FFFF>"
    },
    {
      "threshold": 0.1,
      "text": "<#FF00FF>"
    },
    {
      "threshold": 0,
      "text": "<#FFFFFF>"
    }
  ]
}